UserID,UserTypeID,GateCode,FirstName,LastName,StreetAddress,Email,PhoneNumber,City,State,ZipCode
1,1,#1234568,Troy ,Mortensen,7th Avenue,darian45@hayes.com,(529) 843-8255,Salem,Utah,84653
2,1,#1234569,Robin,Mortensen,Ashley Court,estel91@yahoo.com,(285) 285-9701,Salem,Utah,84653
3,2,#1234570,Ryan,Harris  ,Chestnut Avenue,alfonzo39@crist.biz,(401) 740-9127,Salem,Utah,84653
4,2,#1234571,Ryan,Cross,Beech Street,zion.kemmer@haag.com,(903) 656-1199,Salem,Utah,84653
5,3,#1234572,Robert,Williams  ,Willow Drive,marks.jessica@yahoo.com,(988) 306-1491,Salem,Utah,84653
6,3,#1234573,Michael,Jones  ,Bay Street,june42@pagac.com,(314) 307-6256,Salem,Utah,84653
7,3,#1234574,William,Brown  ,1st Avenue,jolie85@kuhlman.com,(408) 908-1165,Salem,Utah,84653
8,3,#1234575,David,Davis  ,Charles Street,reva.miller@hotmail.com,(614) 488-9114,Salem,Utah,84653
9,3,#1234576,Richard,Miller  ,Roosevelt Avenue,moberbrunner@marquardt.com,(745) 286-3362,Salem,Utah,84653
10,3,#1234577,Joseph,Wilson  ,Old York Road,gulgowski.kaya@hotmail.com,(626) 446-2869,Salem,Utah,84653
11,3,#1234578,Thomas,Moore  ,Harrison Street,ukshlerin@crooks.com,(886) 512-4682,Salem,Utah,84653
12,3,#1234579,Charles,Taylor  ,Manor Drive,celine92@gmail.com,(642) 883-4169,Salem,Utah,84653
13,3,#1234580,Christopher,Anderson  ,Madison Street,mitchell.jensen@torphy.com,(667) 314-3885,Salem,Utah,84653
14,3,#1234581,Daniel,Thomas  ,Parker Street,ucorwin@lakin.net,(276) 950-6582,Salem,Utah,84653
15,3,#1234582,Matthew,Jackson  ,Sherwood Drive,emelia.wisozk@wisozk.com,(730) 630-6822,Salem,Utah,84653
16,3,#1234583,Anthony,White  ,Cobblestone Court,heaney.amparo@bashirian.com,(264) 329-7978,Salem,Utah,84653
17,3,#1234584,Donald,Harris  ,Church Street,graham.ciara@yahoo.com,(638) 913-5361,Salem,Utah,84653
18,3,#1234585,Mark,Martin ,High Street,qbauch@hotmail.com,(931) 376-0137,Salem,Utah,84653
19,3,#1234586,Paul,Thompson  ,Myrtle Street,nbartoletti@stracke.net,(894) 770-4409,Salem,Utah,84653
20,3,#1234587,Steven,Garcia  ,Summit Street,denesik.zetta@hotmail.com,(356) 705-5724,Salem,Utah,84653
21,3,#1234588,Andrew,Martinez  ,Heather Lane,ideckow@hotmail.com,(966) 646-6421,Salem,Utah,84653
22,3,#1234589,Kenneth,Robinson  ,Buttonwood Drive,hoyt88@gmail.com,(433) 856-3323,Salem,Utah,84653
23,3,#1234590,Joshua,Clark  ,Lawrence Street,rodriguez.elwin@medhurst.com,(246) 685-3429,Salem,Utah,84653
24,3,#1234591,George,Rodriguez ,Magnolia Drive,bart28@gmail.com,(355) 901-5786,Salem,Utah,84653
25,3,#1234592,Kevin,Lewis  ,Arlington Avenue,thettinger@shanahan.com,(377) 301-4350,Salem,Utah,84653
26,3,#1234593,Brian,Lee  ,Heritage Drive,jettie.parker@kerluke.com,(983) 293-7362,Salem,Utah,84653
27,3,#1234594,Edward,Walker  ,3rd Avenue,ostamm@hotmail.com,(253) 677-8238,Salem,Utah,84653
28,3,#1234595,Ronald,Hall  ,Laurel Drive,jamel03@hotmail.com,(363) 694-3872,Salem,Utah,84653
29,3,#1234596,Timothy,Allen  ,B Street,junius22@ullrich.info,(466) 984-2480,Salem,Utah,84653
30,3,#1234597,Jason,Young  ,Mulberry Court,yesenia24@yahoo.com,(690) 896-4303,Salem,Utah,84653
31,3,#1234598,Jeffrey,Hernandez ,State Street East,abraham93@witting.com,(643) 525-9476,Salem,Utah,84653
32,3,#1234599,Ryan,King  ,Pheasant Run,veda05@rutherford.com,(769) 528-5967,Salem,Utah,84653
33,3,#1234600,Jacob,Wright  ,Cedar Avenue,corkery.pinkie@parker.com,(882) 994-9899,Salem,Utah,84653
34,3,#1234601,Gary,Lopez  ,Franklin Court,adolfo.dickinson@gmail.com,(812) 899-0970,Salem,Utah,84653
35,3,#1234602,Nicholas,Hill  ,Virginia Avenue,jaskolski.kaitlyn@quigley.net,(370) 728-6715,Salem,Utah,84653
36,3,#1234603,Eric,Scott ,Chapel Street,aniyah27@wehner.info,(921) 356-0929,Salem,Utah,84653
37,3,#1234604,Stephen,Green  ,Buckingham Drive,rhett.greenfelder@kirlin.org,(354) 319-7623,Salem,Utah,84653
38,3,#1234605,Jonathan,Adams  ,Summit Avenue,jake77@cole.biz,(608) 523-7789,Salem,Utah,84653
39,3,#1234606,Larry,Baker  ,Park Avenue,paxton.vandervort@roberts.info,(942) 734-0461,Salem,Utah,84653
40,3,#1234607,Justin,Gonzalez  ,Pine Street,mckenzie.wilderman@gmail.com,(505) 673-4412,Salem,Utah,84653
41,3,#1234608,Scott,Nelson  ,Mulberry Lane,tboyer@lockman.com,(251) 573-0976,Salem,Utah,84653
42,3,#1234609,Brandon,Carter  ,3rd Street West,norris78@daniel.net,(305) 688-7567,Salem,Utah,84653
43,3,#1234610,Frank,Mitchell  ,Lafayette Street,rodriguez.vallie@gmail.com,(594) 377-2850,Salem,Utah,84653
44,3,#1234611,Benjamin,Perez  ,Overlook Circle,aidan.nikolaus@gmail.com,(872) 744-9854,Salem,Utah,84653
45,3,#1234612,Gregory,Roberts  ,Devon Court,kassulke.robert@thompson.com,(424) 839-9339,Salem,Utah,84653
46,3,#1234613,Patrick,Turner  ,Wall Street,chelsey.rosenbaum@yahoo.com,(960) 905-8473,Salem,Utah,84653
47,3,#1234614,Alexander,Phillips ,Jackson Avenue,lilliana.reilly@turcotte.info,(649) 547-2312,Salem,Utah,84653
48,3,#1234615,Jack,Campbell  ,Locust Street,miles.hoeger@gmail.com,(366) 363-0437,Salem,Utah,84653
49,3,#1234616,Dennis,Parker  ,Hillcrest Avenue,caden55@gmail.com,(920) 664-6551,Salem,Utah,84653
50,3,#1234617,Jerry,Evans  ,Railroad Street,vwehner@gmail.com,(812) 826-3947,Salem,Utah,84653
51,3,#1234618,Tyler,Edwards  ,Jones Street,cormier.dixie@gmail.com,(352) 614-5587,Salem,Utah,84653
52,3,#1234619,Aaron,Collins  ,Andover Court,shemar.hand@kuphal.org,(261) 230-7851,Salem,Utah,84653
53,3,#1234620,Jose,Stewart  ,Augusta Drive,brandt48@macejkovic.info,(380) 661-1262,Salem,Utah,84653
54,3,#1234621,Henry,Sanchez  ,13th Street,luella33@gmail.com,(361) 782-3242,Salem,Utah,84653
55,3,#1234622,Douglas,Morris  ,Oxford Court,americo18@heathcote.org,(301) 202-6137,Salem,Utah,84653
56,3,#1234623,Adam,Rogers ,New Street,bradtke.tod@glover.info,(778) 483-1998,Salem,Utah,84653
57,3,#1234624,Peter,Reed  ,Fieldstone Drive,isidro88@bayer.com,(664) 787-7073,Salem,Utah,84653
58,3,#1234625,Nathan,Cook  ,North Street,kassulke.madonna@hotmail.com,(204) 478-6176,Salem,Utah,84653
59,3,#1234626,Zachary,Morgan  ,Main Street,yrunolfsdottir@hotmail.com,(423) 889-1573,Salem,Utah,84653
60,3,#1234627,Walter,Bell  ,Woodland Avenue,dubuque.margarete@yahoo.com,(442) 372-7921,Salem,Utah,84653
61,3,#1234628,Kyle,Murphy  ,Glenwood Avenue,della99@gmail.com,(350) 700-1679,Salem,Utah,84653
62,3,#1234629,Harold,Bailey  ,Race Street,sally.hamill@yahoo.com,(768) 334-9085,Salem,Utah,84653
63,3,#1234630,Carl,Rivera  ,Elm Avenue,hoconner@kovacek.biz,(779) 359-9033,Salem,Utah,84653
64,3,#1234631,Jeremy,Cooper  ,Cleveland Avenue,lindgren.lizeth@gmail.com,(662) 229-4328,Salem,Utah,84653
65,3,#1234632,Keith,Richardson,Lantern Lane,heathcote.aleen@hotmail.com,(706) 869-4762,Salem,Utah,84653
66,3,#1234633,Roger,Cox  ,Cypress Court,kelton.johnson@gmail.com,(447) 869-4029,Salem,Utah,84653
67,3,#1234634,Gerald,Howard  ,Carriage Drive,rutherford.kaleb@gmail.com,(442) 828-8828,Salem,Utah,84653
68,3,#1234635,Ethan,Ward  ,Route 5,vcrist@gulgowski.com,(762) 449-5349,Salem,Utah,84653
69,3,#1234636,Arthur,Torres  ,6th Street North,green.lowe@hotmail.com,(969) 343-4045,Salem,Utah,84653
70,3,#1234637,Terry,Peterson  ,Grant Avenue,carroll.jayce@yahoo.com,(345) 943-0028,Salem,Utah,84653
71,3,#1234638,Christian,Gray  ,Wood Street,vdeckow@gmail.com,(455) 276-3589,Salem,Utah,84653
72,3,#1234639,Sean,Ramirez  ,Orchard Avenue,neichmann@hotmail.com,(289) 438-0939,Salem,Utah,84653
73,3,#1234640,Lawrence,James  ,Green Street,kelly39@klocko.com,(992) 448-4283,Salem,Utah,84653
74,3,#1234641,Austin,Watson  ,York Street,ulehner@miller.com,(732) 910-7514,Salem,Utah,84653
75,3,#1234642,Joe,Brooks  ,2nd Street East,dessie.ortiz@gusikowski.net,(436) 599-8157,Salem,Utah,84653
76,3,#1234643,Noah,Kelly  ,Dogwood Lane,amaya29@heathcote.com,(207) 352-4156,Salem,Utah,84653
77,3,#1234644,Jesse,Sanders  ,Monroe Street,muriel.mann@breitenberg.info,(274) 481-1298,Salem,Utah,84653
78,3,#1234645,Albert,Price,Bank Street,abigail.mills@braun.org,(840) 982-0682,Salem,Utah,84653
79,3,#1234646,Bryan,Bennett ,Washington Avenue,lamont17@brekke.com,(554) 977-4955,Salem,Utah,84653
80,3,#1234647,Billy,Wood  ,Amherst Street,jannie14@steuber.com,(823) 296-1108,Salem,Utah,84653
81,3,#1234648,Bruce,Barnes  ,Route 41,chloe55@yahoo.com,(915) 423-5213,Salem,Utah,84653
82,3,#1234649,Willie,Ross  ,Route 6,lhansen@gmail.com,(823) 753-5309,Salem,Utah,84653
83,3,#1234650,Jordan,Henderson ,Penn Street,giovanni88@hotmail.com,(623) 253-4885,Salem,Utah,84653
84,3,#1234651,Dylan,Coleman  ,Park Drive,kessler.marcelino@gmail.com,(241) 239-5034,Salem,Utah,84653
85,3,#1234652,Alan,Jenkins  ,Sunset Avenue,alvah.pacocha@hotmail.com,(591) 971-5188,Salem,Utah,84653
86,3,#1234653,Ralph,Perry  ,Hawthorne Avenue,pbatz@hotmail.com,(601) 617-2984,Salem,Utah,84653
87,3,#1234654,Gabriel,Powell  ,Maple Street,shartmann@wolff.com,(561) 753-9609,Salem,Utah,84653
88,3,#1234655,Roy,Long  ,Lafayette Avenue,ekoss@effertz.biz,(582) 213-0674,Salem,Utah,84653
89,3,#1234656,Juan,Patterson ,4th Avenue,isabel.monahan@bailey.com,(879) 964-3220,Salem,Utah,84653
90,3,#1234657,Wayne,Hughes  ,Market Street,lucie55@nolan.com,(853) 579-5197,Salem,Utah,84653
91,3,#1234658,Eugene,Flores  ,Harrison Avenue,wiegand.lilliana@hotmail.com,(621) 670-6363,Salem,Utah,84653
92,3,#1234659,Logan,Washington,Glenwood Drive,lturcotte@volkman.com,(474) 615-7747,Salem,Utah,84653
93,3,#1234660,Randy,Butler  ,Pearl Street,laverna.altenwerth@gmail.com,(237) 667-9492,Salem,Utah,84653
94,3,#1234661,Louis,Simmons  ,Hartford Road,macejkovic.birdie@friesen.com,(368) 889-7655,Salem,Utah,84653
95,3,#1234662,Russell,Foster  ,Fawn Lane,elenora.schiller@hotmail.com,(620) 719-4371,Salem,Utah,84653
96,3,#1234663,Vincent,Gonzales  ,Oak Lane,amari.harris@treutel.com,(803) 244-3886,Salem,Utah,84653
97,3,#1234664,Philip,Bryant   ,Hudson Street,nyah33@hotmail.com,(419) 478-7333,Salem,Utah,84653
98,3,#1234665,Bobby,Alexander ,Adams Avenue,gibson.ferne@nitzsche.com,(769) 341-5802,Salem,Utah,84653
99,3,#1234666,Johnny,Russell  ,Canterbury Road,kylee.lind@simonis.biz,(739) 867-8242,Salem,Utah,84653
100,3,#1234667,Bradley,Griffin   ,Canterbury Road,raul38@yahoo.com,(409) 855-1819,Salem,Utah,84653
,,,,,,,,,,
,,,,,,,,,,
,,,,,,,,,,
,,,,,,,,,,
,,,,,,,,,,
,,,,,,,,,,
,,,,,,,,,,
,,,,,,,,,,
,,,,,,,,,,
,,,,,,,,,,
,,,,,,,,,,
,,,,,,,,,,
,,,,,,,,,,
,,,,,,,,,,
,,,,,,,,,,
,,,,,,,,,,
,,,,,,,,,,
,,,,,,,,,,
,,,,,,,,,,
,,,,,,,,,,
,,,,,,,,,,
,,,,,,,,,,
,,,,,,,,,,
,,,,,,,,,,
,,,,,,,,,,
,,,,,,,,,,
,,,,,,,,,,
,,,,,,,,,,
,,,,,,,,,,
,,,,,,,,,,
,,,,,,,,,,
,,,,,,,,,,
,,,,,,,,,,
,,,,,,,,,,
,,,,,,,,,,
,,,,,,,,,,
,,,,,,,,,,
,,,,,,,,,,
,,,,,,,,,,
,,,,,,,,,,
,,,,,,,,,,
,,,,,,,,,,
,,,,,,,,,,
,,,,,,,,,,
,,,,,,,,,,
,,,,,,,,,,
,,,,,,,,,,
,,,,,,,,,,
,,,,,,,,,,
,,,,,,,,,,
,,,,,,,,,,
,,,,,,,,,,
,,,,,,,,,,
,,,,,,,,,,
,,,,,,,,,,
,,,,,,,,,,
,,,,,,,,,,
,,,,,,,,,,
,,,,,,,,,,
,,,,,,,,,,
,,,,,,,,,,
,,,,,,,,,,
,,,,,,,,,,
,,,,,,,,,,
,,,,,,,,,,
,,,,,,,,,,
,,,,,,,,,,
,,,,,,,,,,
,,,,,,,,,,
,,,,,,,,,,
,,,,,,,,,,
,,,,,,,,,,
,,,,,,,,,,
,,,,,,,,,,
,,,,,,,,,,
,,,,,,,,,,
,,,,,,,,,,
,,,,,,,,,,
,,,,,,,,,,
,,,,,,,,,,
,,,,,,,,,,
,,,,,,,,,,
,,,,,,,,,,
,,,,,,,,,,
,,,,,,,,,,
,,,,,,,,,,
,,,,,,,,,,
,,,,,,,,,,
,,,,,,,,,,
,,,,,,,,,,
,,,,,,,,,,
,,,,,,,,,,
,,,,,,,,,,
,,,,,,,,,,
,,,,,,,,,,
,,,,,,,,,,
,,,,,,,,,,
,,,,,,,,,,
,,,,,,,,,,
,,,,,,,,,,
